code,date,tier,gap_days,last_close,pre_close,close
000409.SZ,2005-05-30,price_breach,258,2.84,2.84,1.87
600031.SH,2005-06-17,price_breach,1,23.82,23.82,16.61
000937.SZ,2005-06-28,price_breach,1,7.44,7.44,5.84
600210.SH,2005-07-29,price_breach,1,3.29,3.29,2.59
000623.SZ,2005-08-04,price_breach,16,6.13,5.92,6.78
002010.SZ,2005-08-04,price_breach,11,13.99,13.99,12.30
600352.SH,2005-08-05,no_exright,12,5.04,5.04,4.59
600398.SH,2005-08-05,no_exright,12,5.76,5.76,5.25
600832.SH,2005-08-05,no_exright,13,13.75,13.75,12.11
002032.SZ,2005-08-08,price_breach,15,9.36,9.36,8.32
600487.SH,2005-08-08,no_exright,13,7.31,7.31,6.68
600580.SH,2005-08-08,no_exright,12,5.25,5.25,4.80
002023.SZ,2005-08-09,price_breach,13,11.42,11.42,8.95
002029.SZ,2005-08-09,price_breach,16,7.25,7.25,6.27
600143.SH,2005-08-09,price_breach,13,13.03,12.97,10.99
600570.SH,2005-08-09,price_breach,13,6.85,6.85,5.80
600886.SH,2005-08-09,price_breach,13,8.02,8.02,6.95
002024.SZ,2005-08-11,no_exright,12,34.40,34.40,32.20
600973.SH,2005-08-11,no_exright,14,5.88,5.88,5.34
002019.SZ,2005-08-12,price_breach,17,15.77,15.77,12.98
600500.SH,2005-08-12,no_exright,14,5.40,5.40,4.98
600030.SH,2005-08-15,price_breach,12,6.25,6.25,5.20
600469.SH,2005-08-16,price_breach,12,7.41,7.41,5.61
600521.SH,2005-08-16,price_breach,13,15.97,15.72,12.94
600247.SH,2005-08-17,no_exright,14,3.36,3.36,2.37
600642.SH,2005-08-17,price_breach,12,7.77,7.77,6.00
600817.SH,2005-08-17,price_breach,14,12.61,12.61,9.30
000717.SZ,2005-08-18,price_breach,13,4.11,4.11,3.32
600019.SH,2005-08-18,price_breach,18,5.14,5.14,4.58
002001.SZ,2005-08-19,price_breach,14,12.91,12.91,10.24
600079.SH,2005-08-19,price_breach,9,4.37,4.37,3.29
600507.SH,2005-08-19,price_breach,12,3.91,3.91,3.08
600550.SH,2005-08-19,price_breach,12,8.54,8.54,7.01
600098.SH,2005-08-22,price_breach,13,5.28,5.28,4.26
600121.SH,2005-08-22,price_breach,12,4.16,4.16,3.00
000830.SZ,2005-08-23,price_breach,12,5.29,5.29,3.47
600325.SH,2005-08-23,price_breach,11,9.71,9.71,6.79
600361.SH,2005-08-29,price_breach,13,10.17,10.17,7.88
600595.SH,2005-08-29,price_breach,10,4.47,4.47,3.44
002003.SZ,2005-09-08,price_breach,28,8.86,8.86,7.00
002014.SZ,2005-09-08,price_breach,33,7.91,7.91,6.40
002021.SZ,2005-09-08,price_breach,36,8.00,8.00,5.86
000561.SZ,2005-10-17,price_breach,375,2.60,2.60,2.06
600751.SH,2005-10-18,price_breach,111,1.47,1.47,3.52
600621.SH,2005-10-21,price_breach,10,4.78,4.78,3.27
600104.SH,2005-10-24,price_breach,11,5.16,5.16,3.45
600106.SH,2005-10-24,price_breach,11,5.62,5.62,3.79
600488.SH,2005-10-24,price_breach,11,7.82,7.82,4.98
600770.SH,2005-10-24,price_breach,11,11.33,11.33,8.77
600895.SH,2005-10-24,price_breach,11,5.05,5.05,3.27
000059.SZ,2005-10-25,price_breach,13,5.41,5.41,3.83
600301.SH,2005-10-25,price_breach,11,6.55,6.55,4.25
600518.SH,2005-10-25,price_breach,12,12.30,12.30,10.69
000972.SZ,2005-10-26,price_breach,13,6.91,6.91,5.22
002031.SZ,2005-10-26,price_breach,12,9.60,9.60,6.65
600016.SH,2005-10-26,price_breach,12,5.56,4.81,3.49
000630.SZ,2005-10-27,price_breach,14,5.16,5.16,3.84
000659.SZ,2005-10-27,price_breach,13,3.22,3.22,2.24
000860.SZ,2005-10-27,price_breach,11,4.58,4.58,3.00
002034.SZ,2005-10-27,price_breach,13,10.69,10.69,6.64
000983.SZ,2005-10-28,price_breach,13,6.90,6.90,4.94
002006.SZ,2005-10-28,price_breach,15,8.75,8.75,5.27
002016.SZ,2005-10-28,price_breach,12,9.14,7.95,4.86
002022.SZ,2005-10-28,price_breach,18,15.56,15.56,11.25
002037.SZ,2005-10-28,price_breach,15,6.81,6.81,4.36
600761.SH,2005-10-28,price_breach,10,6.52,6.52,4.72
002035.SZ,2005-10-31,price_breach,12,6.11,6.11,4.38
600396.SH,2005-10-31,price_breach,10,6.97,6.97,4.91
600780.SH,2005-10-31,price_breach,10,3.93,3.63,2.89
600797.SH,2005-10-31,price_breach,11,3.59,3.59,2.47
002012.SZ,2005-11-01,price_breach,17,7.93,7.93,4.90
600408.SH,2005-11-01,price_breach,12,6.47,6.47,4.22
002009.SZ,2005-11-02,price_breach,14,9.95,9.95,7.05
600460.SH,2005-11-02,price_breach,11,17.91,17.91,13.50
600589.SH,2005-11-02,price_breach,11,5.89,5.89,3.97
600836.SH,2005-11-02,no_exright,11,5.07,5.07,3.55
600961.SH,2005-11-02,price_breach,12,3.65,3.65,2.42
000568.SZ,2005-11-03,price_breach,11,5.34,5.34,4.03
002033.SZ,2005-11-03,price_breach,16,11.07,11.07,7.81
600357.SH,2005-11-03,no_exright,18,3.35,3.35,2.41
600423.SH,2005-11-03,price_breach,12,7.62,7.62,5.58
600527.SH,2005-11-03,price_breach,13,4.59,4.59,3.35
002004.SZ,2005-11-04,price_breach,17,9.08,9.08,7.20
002005.SZ,2005-11-04,price_breach,12,8.46,8.46,5.97
002025.SZ,2005-11-04,price_breach,9,33.88,33.88,26.90
000629.SZ,2005-11-07,price_breach,13,5.78,4.45,3.27
000930.SZ,2005-11-07,no_exright,16,7.67,7.67,6.90
002042.SZ,2005-11-07,price_breach,16,5.20,5.20,3.90
002049.SZ,2005-11-07,price_breach,15,10.22,10.22,7.83
600393.SH,2005-11-07,no_exright,10,3.37,3.37,2.46
600966.SH,2005-11-07,price_breach,15,7.19,7.19,5.14
000936.SZ,2005-11-08,price_breach,10,4.00,4.00,2.79
002017.SZ,2005-11-08,price_breach,14,9.72,9.72,7.01
600170.SH,2005-11-08,price_breach,11,5.20,5.20,3.58
600439.SH,2005-11-08,price_breach,11,12.77,12.77,8.77
600837.SH,2005-11-08,no_exright,11,6.93,6.93,5.44
002038.SZ,2005-11-09,price_breach,12,12.65,12.65,10.62
002040.SZ,2005-11-09,price_breach,15,9.13,9.13,7.33
600261.SH,2005-11-09,price_breach,12,13.90,13.90,10.49
600834.SH,2005-11-09,price_breach,12,7.44,7.44,5.58
000778.SZ,2005-11-10,price_breach,13,7.33,7.33,5.26
000997.SZ,2005-11-10,price_breach,16,11.88,11.88,8.26
002011.SZ,2005-11-10,price_breach,16,8.80,8.80,6.87
002020.SZ,2005-11-10,price_breach,24,10.87,10.87,9.00
002027.SZ,2005-11-10,price_breach,20,8.23,8.23,6.56
002028.SZ,2005-11-10,price_breach,13,13.71,13.71,11.97
002046.SZ,2005-11-10,price_breach,12,15.53,15.53,13.03
600392.SH,2005-11-10,price_breach,13,9.27,9.27,6.92
600496.SH,2005-11-10,price_breach,13,9.05,9.05,7.09
000897.SZ,2005-11-11,price_breach,17,3.78,3.12,2.07
000695.SZ,2005-11-14,price_breach,18,4.12,4.12,2.86
002026.SZ,2005-11-14,price_breach,15,8.00,8.00,6.41
600308.SH,2005-11-14,price_breach,15,10.55,10.55,7.80
002015.SZ,2005-11-15,price_breach,21,10.49,10.49,7.82
002036.SZ,2005-11-15,price_breach,23,6.85,6.85,4.80
600233.SH,2005-11-15,price_breach,15,3.68,3.68,2.73
600491.SH,2005-11-15,price_breach,16,8.14,8.14,5.66
600557.SH,2005-11-16,price_breach,17,6.69,6.69,5.09
000400.SZ,2005-11-17,price_breach,12,5.69,5.69,4.18
000060.SZ,2005-11-18,price_breach,23,7.76,7.76,6.20
000959.SZ,2005-11-18,price_breach,14,3.15,3.15,2.44
002030.SZ,2005-11-18,price_breach,11,10.00,10.00,8.72
600172.SH,2005-11-18,price_breach,25,5.05,5.05,3.77
600617.SH,2005-11-18,price_breach,134,2.78,2.78,6.29
600892.SH,2005-11-18,price_breach,143,2.26,2.26,4.17
000566.SZ,2005-11-21,price_breach,20,3.33,3.33,2.64
002050.SZ,2005-11-21,price_breach,29,10.63,10.63,8.31
000635.SZ,2005-11-22,price_breach,17,5.27,5.27,3.80
000988.SZ,2005-11-22,price_breach,15,5.92,5.92,4.20
002007.SZ,2005-11-22,price_breach,33,12.29,12.29,10.35
600105.SH,2005-11-23,price_breach,13,3.94,3.94,3.17
600278.SH,2005-11-23,price_breach,17,3.66,3.66,2.98
002043.SZ,2005-11-24,price_breach,29,6.74,6.74,5.44
600401.SH,2005-11-24,no_exright,14,3.39,3.39,2.50
600616.SH,2005-11-24,price_breach,12,11.94,11.94,9.09
002045.SZ,2005-11-25,price_breach,27,12.26,12.26,9.18
600021.SH,2005-11-25,price_breach,14,5.05,5.05,3.92
000600.SZ,2005-11-28,price_breach,32,4.89,4.89,3.35
002008.SZ,2005-11-28,price_breach,30,14.90,14.90,11.11
002041.SZ,2005-11-28,price_breach,29,26.02,25.90,18.15
002044.SZ,2005-11-28,price_breach,36,5.31,5.31,4.08
600866.SH,2005-11-28,price_breach,13,2.36,2.36,1.83
600356.SH,2005-11-29,price_breach,15,6.63,6.63,5.17
600732.SH,2005-11-29,price_breach,14,4.41,4.41,3.45
000725.SZ,2005-11-30,price_breach,12,2.74,2.74,2.05
002039.SZ,2005-11-30,price_breach,12,7.41,7.41,6.20
002047.SZ,2005-11-30,price_breach,31,8.60,7.72,6.32
600085.SH,2005-11-30,price_breach,13,19.92,19.92,15.40
600150.SH,2005-11-30,price_breach,17,10.40,10.40,7.95
600571.SH,2005-11-30,price_breach,16,5.28,5.28,4.16
600200.SH,2005-12-01,no_exright,13,11.95,11.95,8.17
600824.SH,2005-12-01,price_breach,14,8.93,8.93,7.07
000898.SZ,2005-12-02,price_breach,14,4.61,4.61,4.12
600367.SH,2005-12-02,price_breach,14,6.26,6.26,4.33
000572.SZ,2005-12-05,price_breach,24,5.06,5.06,3.89
000599.SZ,2005-12-05,price_breach,23,2.61,2.61,1.99
000821.SZ,2005-12-05,price_breach,18,2.70,2.70,2.00
000968.SZ,2005-12-05,price_breach,20,4.85,4.85,3.57
000969.SZ,2005-12-05,price_breach,13,7.24,7.24,5.25
600528.SH,2005-12-05,price_breach,14,4.09,4.09,3.02
600594.SH,2005-12-05,price_breach,15,18.05,18.05,13.00
600366.SH,2005-12-06,price_breach,12,4.49,4.49,3.49
600963.SH,2005-12-06,price_breach,17,4.64,4.64,3.66
600237.SH,2005-12-07,price_breach,15,3.90,3.90,2.98
600409.SH,2005-12-07,price_breach,15,3.94,3.94,2.97
600692.SH,2005-12-07,price_breach,16,3.09,3.09,2.39
600416.SH,2005-12-08,price_breach,16,7.05,7.05,5.47
600468.SH,2005-12-08,price_breach,13,4.31,4.31,3.07
600279.SH,2005-12-09,price_breach,14,4.70,4.70,3.75
600428.SH,2005-12-09,price_breach,17,7.30,7.30,6.04
000652.SZ,2005-12-12,price_breach,17,2.63,2.63,2.22
000917.SZ,2005-12-12,price_breach,23,5.98,5.98,5.17
600273.SH,2005-12-12,price_breach,18,3.05,3.05,2.32
600336.SH,2005-12-12,price_breach,20,3.84,3.84,2.88
000008.SZ,2005-12-13,price_breach,21,4.92,4.92,4.23
600303.SH,2005-12-13,price_breach,16,4.98,4.98,4.07
600654.SH,2005-12-13,no_exright,15,2.24,2.24,2.02
600818.SH,2005-12-13,price_breach,24,8.00,8.00,5.76
600418.SH,2005-12-14,price_breach,47,7.41,4.62,3.31
600073.SH,2005-12-15,price_breach,13,6.71,6.71,5.31
600537.SH,2005-12-15,price_breach,28,3.17,3.17,2.59
000089.SZ,2005-12-16,price_breach,18,7.43,7.43,6.19
600189.SH,2005-12-19,price_breach,16,5.14,5.14,3.91
600675.SH,2005-12-19,no_exright,18,4.34,4.34,3.99
600004.SH,2005-12-20,price_breach,26,7.99,7.99,6.60
000709.SZ,2005-12-21,price_breach,18,3.47,3.47,2.42
600284.SH,2005-12-21,price_breach,19,4.96,4.96,3.97
600531.SH,2005-12-21,price_breach,18,4.38,4.38,3.57
600619.SH,2005-12-21,price_breach,26,9.10,9.10,6.85
600978.SH,2005-12-21,no_exright,26,5.46,5.46,4.68
000607.SZ,2005-12-22,price_breach,22,3.58,3.58,2.42
600260.SH,2005-12-22,no_exright,14,4.13,4.13,3.14
600708.SH,2005-12-22,price_breach,22,4.47,4.47,3.53
600525.SH,2005-12-23,price_breach,15,12.22,12.22,9.54
000718.SZ,2005-12-26,price_breach,164,1.00,1.00,2.79
600240.SH,2005-12-26,no_exright,20,5.14,5.14,4.70
600444.SH,2005-12-26,price_breach,19,6.87,6.87,5.69
600748.SH,2005-12-26,price_breach,16,4.30,4.30,3.62
000049.SZ,2005-12-27,price_breach,17,6.45,6.45,5.66
000690.SZ,2005-12-27,price_breach,18,6.72,6.72,5.60
000881.SZ,2005-12-27,no_exright,15,2.74,2.74,2.48
000950.SZ,2005-12-27,price_breach,21,4.17,4.17,3.62
600331.SH,2005-12-27,no_exright,21,6.98,6.98,6.42
600572.SH,2005-12-27,price_breach,20,7.03,7.03,5.70
600676.SH,2005-12-27,price_breach,15,3.02,3.02,2.59
600717.SH,2005-12-27,price_breach,14,6.32,6.32,4.83
000063.SZ,2005-12-29,no_exright,20,27.70,27.70,28.24
000586.SZ,2005-12-29,price_breach,38,3.29,3.29,2.65
000815.SZ,2005-12-29,price_breach,19,4.75,4.75,3.90
600348.SH,2005-12-29,no_exright,16,9.81,9.81,9.39
600495.SH,2005-12-29,price_breach,28,7.89,7.89,7.08
600584.SH,2005-12-29,no_exright,23,6.13,6.13,5.91
600801.SH,2005-12-29,no_exright,19,4.80,4.80,4.51
000767.SZ,2005-12-30,price_breach,12,4.97,4.97,3.90
000828.SZ,2005-12-30,price_breach,34,5.07,5.07,3.91
600026.SH,2005-12-30,price_breach,24,6.40,6.40,5.50
600456.SH,2005-12-30,no_exright,15,13.90,13.90,12.94
600535.SH,2005-12-30,price_breach,17,11.99,11.99,9.86
000025.SZ,2006-01-04,price_breach,19,3.18,3.18,2.54
600119.SH,2006-01-04,price_breach,16,3.05,3.05,2.46
600598.SH,2006-01-04,price_breach,18,4.09,4.09,3.22
600673.SH,2006-01-04,price_breach,26,4.87,4.26,3.81
600067.SH,2006-01-05,no_exright,14,4.51,4.51,4.65
000056.SZ,2006-01-06,price_breach,29,3.91,3.91,3.42
000069.SZ,2006-01-06,price_breach,12,12.88,12.88,10.99
600129.SH,2006-01-06,price_breach,15,4.80,4.80,4.18
600663.SH,2006-01-06,no_exright,23,6.18,6.18,6.18
000530.SZ,2006-01-09,price_breach,13,4.29,4.29,3.56
600425.SH,2006-01-09,price_breach,15,3.44,3.44,2.94
600493.SH,2006-01-09,price_breach,30,4.13,4.13,3.52
000070.SZ,2006-01-10,price_breach,30,4.06,4.06,3.41
000909.SZ,2006-01-10,price_breach,15,4.57,4.57,3.84
000933.SZ,2006-01-10,no_exright,17,7.00,7.00,6.72
600538.SH,2006-01-10,price_breach,19,3.07,3.07,2.74
600586.SH,2006-01-10,no_exright,25,5.33,5.33,5.24
600787.SH,2006-01-10,price_breach,14,3.76,3.76,3.07
000090.SZ,2006-01-11,no_exright,24,4.12,4.12,4.04
600452.SH,2006-01-11,price_breach,18,4.23,4.23,3.73
600618.SH,2006-01-11,no_exright,24,5.12,5.12,4.70
600820.SH,2006-01-11,price_breach,32,3.63,3.63,3.20
000006.SZ,2006-01-12,price_breach,26,4.27,4.27,4.80
000850.SZ,2006-01-12,price_breach,15,2.20,2.20,1.88
600175.SH,2006-01-12,no_exright,20,4.30,4.30,3.88
600479.SH,2006-01-12,price_breach,18,14.14,13.14,11.51
600481.SH,2006-01-12,price_breach,30,3.96,3.96,3.46
600639.SH,2006-01-12,no_exright,22,6.15,6.15,5.78
000153.SZ,2006-01-13,price_breach,17,2.99,2.99,2.60
000158.SZ,2006-01-13,price_breach,23,3.18,3.18,2.69
000608.SZ,2006-01-13,no_exright,22,5.20,5.20,4.84
600375.SH,2006-01-13,price_breach,17,4.08,4.08,3.63
600602.SH,2006-01-13,no_exright,26,3.77,3.77,3.90
600822.SH,2006-01-13,price_breach,36,8.30,8.30,7.32
600997.SH,2006-01-13,price_breach,17,6.88,6.88,6.00
000973.SZ,2006-01-16,price_breach,13,3.41,3.41,2.59
600300.SH,2006-01-16,price_breach,26,3.09,3.09,2.55
600869.SH,2006-01-16,no_exright,20,4.13,4.13,3.82
600749.SH,2006-01-18,price_breach,15,7.20,7.20,6.26
600779.SH,2006-01-18,price_breach,14,4.12,4.12,3.48
600844.SH,2006-01-18,price_breach,177,1.23,1.23,2.81
600880.SH,2006-01-18,price_breach,18,12.06,12.06,10.09
000539.SZ,2006-01-19,price_breach,34,4.78,4.78,3.89
600126.SH,2006-01-19,price_breach,16,4.07,4.07,3.34
600292.SH,2006-01-19,price_breach,16,4.01,4.01,3.24
600626.SH,2006-01-19,price_breach,17,3.13,3.13,2.49
600826.SH,2006-01-19,price_breach,16,3.80,3.80,3.07
000987.SZ,2006-01-20,price_breach,13,8.23,8.23,6.04
000677.SZ,2006-01-23,price_breach,13,3.59,3.59,2.80
000990.SZ,2006-01-23,price_breach,9,6.04,6.04,4.39
600120.SH,2006-01-23,price_breach,13,2.58,2.58,2.13
600171.SH,2006-01-23,price_breach,22,5.75,5.75,5.11
600533.SH,2006-01-23,price_breach,17,8.51,8.51,7.25
600754.SH,2006-01-23,price_breach,32,7.90,7.90,6.68
000685.SZ,2006-01-24,price_breach,19,2.98,2.98,2.53
600180.SH,2006-01-24,price_breach,12,4.73,4.73,3.88
600227.SH,2006-01-24,price_breach,14,9.65,9.65,8.16
600583.SH,2006-01-24,price_breach,11,26.41,26.41,22.59
600739.SH,2006-01-24,no_exright,14,3.50,3.50,3.30
001696.SZ,2006-01-25,price_breach,16,5.68,5.68,4.58
600160.SH,2006-01-25,price_breach,13,5.50,5.50,4.66
600508.SH,2006-01-25,price_breach,12,10.18,10.18,8.21
000096.SZ,2006-02-06,price_breach,13,4.54,4.54,3.63
000837.SZ,2006-02-06,price_breach,13,4.50,4.50,4.00
000839.SZ,2006-02-06,price_breach,11,12.48,12.48,10.00
600159.SH,2006-02-06,no_exright,17,2.84,2.84,2.71
600463.SH,2006-02-06,price_breach,18,6.23,6.23,5.10
000032.SZ,2006-02-07,price_breach,12,5.73,5.73,5.12
000099.SZ,2006-02-07,price_breach,12,4.38,4.38,3.82
000876.SZ,2006-02-07,price_breach,17,7.05,7.05,6.09
000919.SZ,2006-02-07,price_breach,16,7.30,7.30,6.04
600193.SH,2006-02-07,no_exright,13,3.79,3.79,3.31
600113.SH,2006-02-08,price_breach,11,5.47,5.47,4.44
600295.SH,2006-02-08,no_exright,20,4.48,4.48,4.32
600612.SH,2006-02-08,no_exright,28,5.96,5.96,5.67
600819.SH,2006-02-08,no_exright,34,3.63,3.63,3.39
600266.SH,2006-02-09,price_breach,11,7.39,7.39,5.45
600405.SH,2006-02-09,price_breach,16,8.05,8.05,7.10
600851.SH,2006-02-09,price_breach,29,3.37,3.37,2.83
600985.SH,2006-02-09,price_breach,15,5.62,5.62,4.67
000700.SZ,2006-02-10,price_breach,13,3.16,3.16,2.35
000826.SZ,2006-02-10,no_exright,13,5.46,5.46,5.16
000859.SZ,2006-02-10,price_breach,19,2.36,2.36,1.90
600100.SH,2006-02-10,price_breach,14,11.07,11.07,8.62
600226.SH,2006-02-10,price_breach,25,4.52,4.52,3.95
600232.SH,2006-02-10,price_breach,13,7.00,7.00,5.30
600725.SH,2006-02-10,price_breach,14,5.16,5.16,4.52
600791.SH,2006-02-10,price_breach,17,4.75,4.75,3.75
000903.SZ,2006-02-13,price_breach,17,4.84,4.84,3.87
000912.SZ,2006-02-13,price_breach,14,7.48,7.22,5.67
000951.SZ,2006-02-13,price_breach,10,9.60,9.60,7.30
600373.SH,2006-02-13,price_breach,14,3.99,3.99,3.06
600650.SH,2006-02-13,price_breach,16,9.22,9.22,7.05
600879.SH,2006-02-13,price_breach,18,12.52,8.96,7.50
000031.SZ,2006-02-14,price_breach,19,7.33,7.23,6.50
000048.SZ,2006-02-14,price_breach,16,2.51,2.51,1.97
000597.SZ,2006-02-14,price_breach,15,3.42,3.42,2.62
000610.SZ,2006-02-14,price_breach,22,4.18,4.18,3.35
000713.SZ,2006-02-14,price_breach,16,3.19,3.19,2.52
000960.SZ,2006-02-14,no_exright,18,6.50,6.50,6.32
600208.SH,2006-02-14,price_breach,16,3.20,2.57,2.14
600591.SH,2006-02-14,no_exright,27,3.46,3.46,2.64
600592.SH,2006-02-14,price_breach,11,10.26,10.26,7.98
600661.SH,2006-02-14,price_breach,15,9.82,9.82,7.18
000615.SZ,2006-02-15,price_breach,14,3.81,3.81,2.33
000739.SZ,2006-02-15,price_breach,16,4.71,4.71,3.81
600238.SH,2006-02-15,price_breach,25,3.75,3.75,3.07
600400.SH,2006-02-15,price_breach,14,4.16,4.16,3.23
600501.SH,2006-02-15,no_exright,18,6.14,6.14,5.77
600138.SH,2006-02-16,price_breach,15,6.56,6.56,4.88
600267.SH,2006-02-16,price_breach,19,7.70,7.70,5.57
600376.SH,2006-02-16,price_breach,20,6.27,6.27,5.10
600477.SH,2006-02-16,price_breach,19,4.15,4.15,3.08
600630.SH,2006-02-16,price_breach,17,3.16,3.16,2.25
600648.SH,2006-02-16,price_breach,28,6.36,6.36,5.12
600679.SH,2006-02-16,price_breach,26,3.90,3.90,2.81
000029.SZ,2006-02-17,price_breach,25,4.73,4.73,3.93
000429.SZ,2006-02-17,price_breach,40,4.55,4.55,3.58
000567.SZ,2006-02-17,price_breach,22,3.07,3.07,2.31
600054.SH,2006-02-17,price_breach,21,9.76,9.76,7.21
600482.SH,2006-02-17,price_breach,18,8.16,8.16,5.29
600529.SH,2006-02-17,price_breach,17,7.05,7.05,5.06
600581.SH,2006-02-17,price_breach,18,3.64,3.64,2.76
600704.SH,2006-02-17,price_breach,18,3.61,3.61,2.57
000531.SZ,2006-02-20,price_breach,20,6.23,5.60,4.28
600565.SH,2006-02-20,no_exright,13,9.97,9.97,7.45
000790.SZ,2006-02-21,price_breach,11,7.43,7.43,5.15
600223.SH,2006-02-21,price_breach,12,3.05,3.05,2.33
600555.SH,2006-02-21,no_exright,27,3.89,3.89,2.81
000524.SZ,2006-02-22,price_breach,20,3.22,3.22,2.47
600114.SH,2006-02-22,price_breach,17,6.09,6.09,4.54
600231.SH,2006-02-22,price_breach,15,4.74,4.74,3.75
600426.SH,2006-02-22,price_breach,16,8.45,8.45,5.99
000601.SZ,2006-02-23,price_breach,15,5.85,5.85,3.13
600146.SH,2006-02-23,no_exright,38,3.03,3.03,2.53
000793.SZ,2006-02-27,price_breach,23,3.50,3.50,2.83
600165.SH,2006-02-27,price_breach,18,2.74,2.74,2.41
600530.SH,2006-02-27,price_breach,26,6.58,6.58,4.61
600622.SH,2006-02-27,price_breach,18,3.73,3.73,3.01
000417.SZ,2006-02-28,price_breach,24,4.92,4.92,3.40
600123.SH,2006-02-28,price_breach,17,13.45,13.45,11.20
600548.SH,2006-02-28,price_breach,25,4.37,4.37,3.16
600588.SH,2006-02-28,price_breach,12,28.29,28.29,16.95
000410.SZ,2006-03-01,price_breach,16,9.62,9.62,7.67
000526.SZ,2006-03-01,price_breach,14,5.44,5.44,3.68
000932.SZ,2006-03-01,price_breach,20,5.28,5.28,3.87
600288.SH,2006-03-01,price_breach,13,6.56,6.56,4.77
600337.SH,2006-03-01,price_breach,30,5.56,5.56,4.34
600480.SH,2006-03-01,price_breach,26,3.81,3.81,2.85
600553.SH,2006-03-01,no_exright,18,2.28,2.28,1.89
600009.SH,2006-03-02,price_breach,16,16.06,16.06,11.88
600585.SH,2006-03-02,price_breach,14,11.65,11.65,9.89
600760.SH,2006-03-02,price_breach,17,2.20,2.20,1.73
600037.SH,2006-03-03,price_breach,10,16.04,16.04,11.93
600057.SH,2006-03-03,price_breach,28,3.66,3.66,2.61
600438.SH,2006-03-03,no_exright,14,13.40,13.40,12.12
600604.SH,2006-03-03,price_breach,29,3.79,3.79,2.58
000014.SZ,2006-03-06,price_breach,29,7.51,7.51,5.65
000878.SZ,2006-03-06,price_breach,11,5.96,5.96,4.60
600066.SH,2006-03-06,no_exright,13,7.99,7.99,7.35
600218.SH,2006-03-06,price_breach,16,3.25,3.25,2.28
600850.SH,2006-03-06,price_breach,15,4.50,4.50,3.12
000543.SZ,2006-03-07,price_breach,16,3.79,3.79,2.43
000795.SZ,2006-03-07,price_breach,10,3.09,3.09,2.24
000825.SZ,2006-03-07,price_breach,6,4.83,4.83,3.41
000977.SZ,2006-03-07,price_breach,13,7.04,7.04,5.07
600220.SH,2006-03-07,no_exright,11,2.35,2.35,2.15
600498.SH,2006-03-07,price_breach,20,10.08,10.08,5.61
600637.SH,2006-03-07,price_breach,16,4.84,4.84,3.39
000651.SZ,2006-03-08,price_breach,11,12.81,12.81,9.57
000938.SZ,2006-03-08,price_breach,12,12.20,12.20,6.76
600191.SH,2006-03-08,price_breach,14,5.50,5.50,3.84
600216.SH,2006-03-08,price_breach,14,6.02,6.02,3.84
600302.SH,2006-03-08,price_breach,31,4.81,4.81,3.26
600526.SH,2006-03-08,price_breach,13,6.70,6.70,4.63
600183.SH,2006-03-09,price_breach,34,8.22,8.22,5.73
600277.SH,2006-03-09,no_exright,11,5.86,5.86,4.01
600472.SH,2006-03-10,no_exright,13,4.83,4.83,3.73
600731.SH,2006-03-10,price_breach,19,3.20,3.20,2.17
600764.SH,2006-03-10,price_breach,26,4.58,4.58,3.08
600846.SH,2006-03-10,price_breach,13,3.93,3.93,2.81
000428.SZ,2006-03-13,price_breach,10,4.35,4.35,3.02
000576.SZ,2006-03-13,price_breach,22,3.84,3.84,1.99
000818.SZ,2006-03-13,price_breach,12,3.49,3.49,2.48
600059.SH,2006-03-13,price_breach,16,7.28,7.28,5.20
600285.SH,2006-03-13,price_breach,15,5.83,5.83,4.37
000564.SZ,2006-03-14,price_breach,11,3.38,3.38,2.25
000998.SZ,2006-03-14,price_breach,28,10.72,7.15,5.94
600128.SH,2006-03-14,price_breach,11,3.75,3.75,2.66
600556.SH,2006-03-14,price_breach,38,7.29,4.15,3.15
000761.SZ,2006-03-15,price_breach,15,5.02,5.02,3.99
600185.SH,2006-03-15,price_breach,23,4.18,3.51,2.59
600432.SH,2006-03-15,no_exright,16,11.77,11.77,10.44
600660.SH,2006-03-15,no_exright,30,5.87,5.87,5.56
600815.SH,2006-03-15,price_breach,13,3.14,3.14,2.50
000692.SZ,2006-03-16,price_breach,10,2.86,2.86,2.10
000962.SZ,2006-03-16,no_exright,16,5.63,5.63,5.09
000088.SZ,2006-03-17,price_breach,13,9.98,9.98,6.88
000528.SZ,2006-03-17,price_breach,16,5.85,5.85,5.14
000537.SZ,2006-03-17,price_breach,14,3.07,3.07,1.92
000619.SZ,2006-03-17,price_breach,10,6.86,6.86,5.48
000970.SZ,2006-03-17,price_breach,37,9.24,9.24,7.63
600306.SH,2006-03-17,no_exright,19,4.66,4.66,3.67
600365.SH,2006-03-17,price_breach,15,5.35,5.35,4.43
000823.SZ,2006-03-20,price_breach,11,4.41,4.41,3.45
600399.SH,2006-03-20,price_breach,20,3.70,3.70,2.74
600982.SH,2006-03-20,price_breach,15,4.14,4.14,3.24
000155.SZ,2006-03-21,price_breach,11,5.53,5.33,4.25
000869.SZ,2006-03-21,no_exright,13,29.14,29.14,26.74
600422.SH,2006-03-21,price_breach,13,4.89,4.89,3.89
000698.SZ,2006-03-22,price_breach,15,5.02,5.02,4.11
000822.SZ,2006-03-22,price_breach,17,4.60,4.60,3.74
600513.SH,2006-03-22,price_breach,14,8.69,8.69,6.59
600838.SH,2006-03-22,price_breach,12,2.80,2.80,2.45
000955.SZ,2006-03-23,no_exright,22,3.00,3.00,2.84
000519.SZ,2006-03-24,price_breach,14,5.07,5.07,4.26
600736.SH,2006-03-24,price_breach,16,6.00,6.00,5.33
000712.SZ,2006-03-27,price_breach,10,4.06,4.06,3.38
600117.SH,2006-03-27,price_breach,16,4.04,4.04,3.44
600125.SH,2006-03-27,price_breach,14,7.47,7.47,6.50
600458.SH,2006-03-27,no_exright,14,4.73,4.73,4.37
000036.SZ,2006-03-28,price_breach,13,5.01,2.00,2.33
000037.SZ,2006-03-28,price_breach,26,6.27,6.27,4.78
000551.SZ,2006-03-28,price_breach,12,3.97,3.97,3.35
000759.SZ,2006-03-28,no_exright,23,6.20,6.20,6.50
600010.SH,2006-03-28,price_breach,12,2.83,2.83,2.16
600195.SH,2006-03-28,price_breach,13,4.35,4.35,3.65
600322.SH,2006-03-28,no_exright,15,4.36,4.36,4.19
600485.SH,2006-03-28,no_exright,13,6.41,6.41,6.21
600960.SH,2006-03-28,price_breach,15,6.01,6.01,4.68
600962.SH,2006-03-28,price_breach,21,5.05,5.05,3.97
000488.SZ,2006-03-29,price_breach,27,5.39,5.39,4.45
000702.SZ,2006-03-29,price_breach,13,3.03,3.03,2.63
600263.SH,2006-03-29,no_exright,15,4.52,4.52,3.68
600291.SH,2006-03-29,no_exright,12,4.24,4.24,3.50
600320.SH,2006-03-29,no_exright,18,12.65,12.65,12.70
600545.SH,2006-03-29,price_breach,16,3.96,3.96,3.29
600549.SH,2006-03-29,price_breach,22,18.27,18.27,20.29
600620.SH,2006-03-29,no_exright,12,2.67,2.67,2.44
000016.SZ,2006-03-30,price_breach,27,4.39,4.39,3.39
000552.SZ,2006-03-30,price_breach,225,3.55,3.55,3.95
600517.SH,2006-03-30,price_breach,21,5.71,5.71,4.93
600628.SH,2006-03-30,price_breach,17,8.63,8.63,7.75
600686.SH,2006-03-30,price_breach,13,10.22,10.22,9.17
000151.SZ,2006-03-31,price_breach,8,3.70,3.70,2.84
000516.SZ,2006-03-31,price_breach,14,6.03,6.03,4.70
000858.SZ,2006-03-31,price_breach,12,8.36,8.36,6.73
000899.SZ,2006-03-31,price_breach,14,3.03,3.03,2.35
600219.SH,2006-03-31,price_breach,14,6.69,4.25,5.11
600547.SH,2006-03-31,price_breach,14,15.67,15.67,19.22
600741.SH,2006-03-31,price_breach,19,3.58,3.58,2.79
600808.SH,2006-03-31,price_breach,33,3.41,3.41,2.40
600860.SH,2006-03-31,price_breach,18,4.14,4.14,3.06
000501.SZ,2006-04-03,no_exright,43,3.74,3.74,3.49
000785.SZ,2006-04-03,price_breach,39,3.64,3.64,2.79
000890.SZ,2006-04-03,price_breach,15,3.33,3.33,2.80
600012.SH,2006-04-03,price_breach,30,5.92,5.92,4.56
600064.SH,2006-04-03,price_breach,19,5.77,5.77,4.75
600188.SH,2006-04-03,price_breach,25,7.27,7.27,6.30
600510.SH,2006-04-03,price_breach,15,4.11,4.11,3.46
600578.SH,2006-04-03,price_breach,23,5.44,5.44,4.18
600420.SH,2006-04-04,no_exright,15,11.27,11.27,11.13
600718.SH,2006-04-04,no_exright,12,8.81,8.81,8.36
000402.SZ,2006-04-05,price_breach,14,11.51,8.08,9.00
000581.SZ,2006-04-05,no_exright,13,6.13,6.13,6.14
600058.SH,2006-04-05,price_breach,14,6.10,6.10,5.38
600141.SH,2006-04-05,price_breach,12,5.97,5.97,5.12
600386.SH,2006-04-05,price_breach,16,4.05,4.05,3.19
000420.SZ,2006-04-06,price_breach,13,2.63,2.63,2.19
000589.SZ,2006-04-06,no_exright,13,4.52,4.52,4.09
000636.SZ,2006-04-06,price_breach,11,4.04,4.04,3.33
600062.SH,2006-04-06,price_breach,13,5.40,5.40,4.84
600130.SH,2006-04-06,price_breach,16,3.86,3.86,3.09
600702.SH,2006-04-06,no_exright,20,4.10,4.10,3.89
600981.SH,2006-04-06,price_breach,13,4.52,4.52,3.72
000426.SZ,2006-04-07,price_breach,13,4.18,4.18,3.64
000711.SZ,2006-04-07,price_breach,15,3.52,3.52,3.08
000980.SZ,2006-04-07,price_breach,28,3.15,3.15,2.56
600151.SH,2006-04-07,no_exright,16,6.51,6.51,6.78
600230.SH,2006-04-07,price_breach,23,6.26,6.26,5.36
600446.SH,2006-04-07,price_breach,17,9.15,9.15,7.50
600684.SH,2006-04-07,no_exright,18,3.65,3.65,3.57
600986.SH,2006-04-07,price_breach,14,4.71,4.71,4.13
000055.SZ,2006-04-10,price_breach,17,5.22,5.22,4.10
000751.SZ,2006-04-10,price_breach,16,3.60,3.60,4.09
600153.SH,2006-04-10,no_exright,13,4.57,4.57,4.51
600339.SH,2006-04-10,price_breach,28,3.45,3.45,3.82
000043.SZ,2006-04-11,no_exright,36,7.34,7.34,6.80
000800.SZ,2006-04-11,price_breach,12,3.41,3.41,2.99
000831.SZ,2006-04-11,no_exright,11,4.87,4.87,4.55
000913.SZ,2006-04-11,no_exright,25,3.13,3.13,2.92
001914.SZ,2006-04-11,no_exright,36,7.34,7.34,6.80
600055.SH,2006-04-11,price_breach,12,5.51,5.51,4.57
600169.SH,2006-04-11,no_exright,15,3.99,3.99,3.63
600241.SH,2006-04-11,price_breach,13,5.73,5.73,4.75
600983.SH,2006-04-11,price_breach,40,3.17,3.08,2.69
000755.SZ,2006-04-12,no_exright,13,5.91,5.91,5.34
600072.SH,2006-04-12,no_exright,18,3.06,3.06,2.78
600287.SH,2006-04-12,price_breach,13,2.87,2.87,2.36
600461.SH,2006-04-12,price_breach,18,5.53,5.53,4.79
600532.SH,2006-04-12,no_exright,14,3.94,3.94,3.31
600566.SH,2006-04-12,price_breach,20,4.55,4.55,3.89
600666.SH,2006-04-12,no_exright,20,3.83,3.83,3.45
600839.SH,2006-04-12,price_breach,26,4.31,4.31,3.43
000078.SZ,2006-04-13,price_breach,12,3.87,3.87,2.46
000722.SZ,2006-04-13,price_breach,18,3.43,3.43,2.74
600063.SH,2006-04-13,price_breach,13,3.60,3.60,2.89
600111.SH,2006-04-13,no_exright,17,6.02,6.02,5.51
600562.SH,2006-04-13,price_breach,19,5.11,5.11,4.07
600256.SH,2006-04-14,no_exright,14,5.83,5.83,5.41
600649.SH,2006-04-14,price_breach,31,5.95,5.95,4.40
000598.SZ,2006-04-17,price_breach,10,4.71,4.71,3.30
600206.SH,2006-04-17,price_breach,14,7.64,7.64,6.58
600307.SH,2006-04-17,price_breach,14,5.08,5.08,4.26
600512.SH,2006-04-17,price_breach,14,5.70,5.70,4.72
600803.SH,2006-04-17,no_exright,15,5.27,5.27,5.08
600810.SH,2006-04-17,price_breach,20,5.31,5.31,3.79
600875.SH,2006-04-17,no_exright,15,15.45,15.45,15.16
600882.SH,2006-04-17,price_breach,19,2.75,2.75,2.34
000498.SZ,2006-04-18,price_breach,13,2.05,2.05,1.58
000735.SZ,2006-04-18,price_breach,23,2.26,2.26,1.50
000816.SZ,2006-04-18,price_breach,12,3.99,3.99,3.39
600328.SH,2006-04-18,price_breach,18,6.32,6.32,5.52
600470.SH,2006-04-18,price_breach,15,6.20,6.20,5.49
600577.SH,2006-04-18,price_breach,16,6.76,6.76,5.82
600631.SH,2006-04-18,no_exright,41,5.92,5.92,5.47
600742.SH,2006-04-18,price_breach,16,3.34,3.34,2.60
000558.SZ,2006-04-19,price_breach,18,3.46,3.46,3.05
600008.SH,2006-04-19,price_breach,12,5.78,5.78,4.35
600011.SH,2006-04-19,price_breach,19,5.91,5.91,4.79
600253.SH,2006-04-19,no_exright,32,3.70,3.70,2.83
600362.SH,2006-04-19,price_breach,17,7.63,7.63,9.85
600429.SH,2006-04-19,price_breach,28,2.60,2.60,2.17
000100.SZ,2006-04-20,price_breach,84,2.34,2.34,2.03
000422.SZ,2006-04-20,no_exright,19,6.78,6.78,6.44
000788.SZ,2006-04-20,price_breach,13,4.00,4.00,2.94
600168.SH,2006-04-20,price_breach,17,3.82,3.82,3.07
600390.SH,2006-04-20,no_exright,14,5.80,5.80,5.27
600874.SH,2006-04-20,price_breach,30,3.69,3.69,2.91
000559.SZ,2006-04-21,price_breach,11,3.25,3.25,2.73
000595.SZ,2006-04-21,price_breach,12,3.51,3.51,2.28
000738.SZ,2006-04-21,price_breach,9,3.04,3.04,2.02
600084.SH,2006-04-21,price_breach,14,2.55,2.55,1.96
000541.SZ,2006-04-24,price_breach,32,11.62,11.62,9.00
600022.SH,2006-04-24,price_breach,18,5.79,5.79,4.46
600309.SH,2006-04-24,no_exright,15,17.51,17.51,15.83
600332.SH,2006-04-24,price_breach,17,7.12,7.12,6.32
600350.SH,2006-04-24,price_breach,11,4.26,4.26,3.10
600863.SH,2006-04-24,price_breach,13,3.15,3.15,2.16
600887.SH,2006-04-24,price_breach,30,17.85,13.33,17.71
600980.SH,2006-04-24,no_exright,14,7.26,7.26,6.83
000901.SZ,2006-04-25,price_breach,11,4.71,4.71,4.01
600268.SH,2006-04-25,price_breach,15,16.79,16.79,14.77
600640.SH,2006-04-25,price_breach,13,5.17,5.17,3.68
600884.SH,2006-04-25,no_exright,24,3.87,3.87,4.04
000027.SZ,2006-04-26,price_breach,12,8.18,8.18,6.41
000050.SZ,2006-04-26,no_exright,16,6.50,6.50,6.01
600155.SH,2006-04-26,price_breach,12,3.10,3.10,2.23
600319.SH,2006-04-26,price_breach,27,5.34,5.34,4.14
600798.SH,2006-04-26,price_breach,15,3.97,3.97,3.04
000798.SZ,2006-04-27,price_breach,12,4.31,4.31,3.05
600647.SH,2006-04-27,no_exright,21,9.14,9.14,7.48
600783.SH,2006-04-27,price_breach,14,3.74,3.74,3.13
000028.SZ,2006-04-28,no_exright,16,5.05,5.05,4.67
000737.SZ,2006-04-28,price_breach,14,3.51,3.51,2.50
600007.SH,2006-04-28,no_exright,23,5.29,5.29,4.81
600235.SH,2006-04-28,price_breach,14,4.30,4.22,3.07
600298.SH,2006-04-28,price_breach,15,13.27,13.27,11.93
600476.SH,2006-04-28,price_breach,13,6.48,6.48,5.14
600563.SH,2006-04-28,no_exright,14,10.75,10.75,10.02
600089.SH,2006-05-08,price_breach,16,10.49,9.54,11.33
600816.SH,2006-05-08,price_breach,81,2.45,2.45,3.05
600976.SH,2006-05-08,no_exright,27,11.46,11.46,10.54
000727.SZ,2006-05-09,no_exright,18,3.94,3.94,3.81
000768.SZ,2006-05-09,price_breach,10,5.55,5.55,6.27
600509.SH,2006-05-09,no_exright,16,4.95,4.95,4.57
600710.SH,2006-05-09,no_exright,12,3.36,3.36,3.27
600809.SH,2006-05-09,price_breach,16,14.01,14.01,18.09
600249.SH,2006-05-10,price_breach,14,7.36,7.36,9.63
600499.SH,2006-05-10,price_breach,11,9.34,9.34,8.17
600740.SH,2006-05-10,price_breach,13,7.78,7.78,6.60
000625.SZ,2006-05-11,price_breach,11,6.70,6.70,5.79
600638.SH,2006-05-11,price_breach,13,5.68,5.68,4.83
600665.SH,2006-05-11,price_breach,17,4.12,4.12,3.58
600706.SH,2006-05-11,price_breach,23,4.71,4.71,4.00
600796.SH,2006-05-11,price_breach,12,7.84,7.84,6.23
600967.SH,2006-05-11,price_breach,15,5.84,5.84,5.24
000546.SZ,2006-05-12,no_exright,29,2.41,2.41,2.35
000782.SZ,2006-05-12,price_breach,12,3.16,3.16,2.66
600000.SH,2006-05-12,no_exright,33,10.86,10.86,10.21
600560.SH,2006-05-12,no_exright,14,6.65,6.65,6.34
000062.SZ,2006-05-15,no_exright,12,5.69,5.69,5.39
000066.SZ,2006-05-15,price_breach,18,9.02,9.02,7.40
000910.SZ,2006-05-15,price_breach,25,7.47,7.47,10.61
600163.SH,2006-05-15,no_exright,12,3.61,3.61,3.38
600388.SH,2006-05-15,no_exright,12,7.78,7.78,7.61
600536.SH,2006-05-15,price_breach,16,11.04,10.37,12.03
600841.SH,2006-05-15,no_exright,27,7.79,7.79,7.34
000503.SZ,2006-05-16,price_breach,31,7.46,7.46,9.79
000729.SZ,2006-05-16,no_exright,13,9.05,9.05,9.91
000777.SZ,2006-05-16,no_exright,15,6.17,6.17,6.79
600051.SH,2006-05-16,price_breach,15,4.38,4.38,3.88
600177.SH,2006-05-16,price_breach,41,3.99,3.99,6.36
600271.SH,2006-05-16,no_exright,13,30.41,30.41,28.87
600343.SH,2006-05-16,price_breach,14,5.59,5.59,7.79
600377.SH,2006-05-16,price_breach,16,6.15,6.15,5.30
000911.SZ,2006-05-17,no_exright,10,15.25,15.25,15.50
600082.SH,2006-05-17,price_breach,24,3.52,3.52,3.16
600624.SH,2006-05-17,price_breach,14,5.04,3.85,3.44
600690.SH,2006-05-17,price_breach,27,5.17,5.17,4.59
600750.SH,2006-05-17,price_breach,32,7.18,7.18,8.15
600872.SH,2006-05-17,price_breach,13,5.76,3.58,2.88
000565.SZ,2006-05-18,no_exright,15,4.52,4.52,4.80
600567.SH,2006-05-18,no_exright,11,2.89,2.89,2.70
600855.SH,2006-05-18,price_breach,15,8.77,6.75,8.30
600858.SH,2006-05-18,price_breach,15,9.42,9.42,12.80
000978.SZ,2006-05-19,price_breach,11,8.38,8.38,7.22
600050.SH,2006-05-19,price_breach,13,2.85,2.85,2.52
600410.SH,2006-05-19,no_exright,12,19.27,19.27,17.59
000021.SZ,2006-05-22,price_breach,23,11.28,11.28,10.02
000683.SZ,2006-05-22,price_breach,22,4.71,4.71,4.13
600312.SH,2006-05-22,price_breach,10,14.45,12.34,10.12
600330.SH,2006-05-22,no_exright,11,6.29,6.29,5.89
600435.SH,2006-05-22,no_exright,18,8.24,8.24,7.91
600436.SH,2006-05-22,price_breach,11,27.37,27.37,21.80
600623.SH,2006-05-22,price_breach,35,8.92,8.92,7.13
600636.SH,2006-05-22,no_exright,13,10.47,10.47,9.32
000807.SZ,2006-05-23,price_breach,11,9.19,9.19,7.17
600161.SH,2006-05-23,no_exright,11,11.01,11.01,10.88
600774.SH,2006-05-23,no_exright,18,8.13,8.13,7.60
000012.SZ,2006-05-24,no_exright,22,7.77,7.77,8.43
000401.SZ,2006-05-24,price_breach,23,4.58,4.58,3.71
600359.SH,2006-05-24,price_breach,27,4.21,4.21,3.58
600433.SH,2006-05-24,price_breach,34,4.34,4.34,3.66
600475.SH,2006-05-24,price_breach,13,11.08,11.08,8.00
600522.SH,2006-05-24,price_breach,18,4.87,4.87,4.12
600685.SH,2006-05-24,price_breach,24,6.44,6.44,5.62
600756.SH,2006-05-24,no_exright,13,7.71,7.71,7.04
600888.SH,2006-05-24,price_breach,28,18.84,16.47,26.48
000888.SZ,2006-05-25,price_breach,8,7.59,7.59,5.50
600389.SH,2006-05-25,price_breach,14,5.41,5.41,4.19
600519.SH,2006-05-25,price_breach,16,91.41,44.97,39.59
600569.SH,2006-05-25,price_breach,14,2.54,2.54,2.05
600987.SH,2006-05-25,price_breach,15,4.00,3.41,2.92
000877.SZ,2006-05-26,price_breach,14,4.33,4.33,3.69
600118.SH,2006-05-26,no_exright,11,17.42,17.42,15.84
600251.SH,2006-05-26,no_exright,15,5.57,5.57,5.06
600419.SH,2006-05-26,price_breach,29,4.45,4.45,3.57
000538.SZ,2006-05-29,price_breach,21,37.10,37.10,31.68
000680.SZ,2006-05-29,price_breach,12,5.23,5.11,4.42
000802.SZ,2006-05-29,no_exright,24,5.65,5.65,5.16
600355.SH,2006-05-29,no_exright,14,3.72,3.72,3.19
600483.SH,2006-05-29,price_breach,13,3.63,3.41,3.05
600729.SH,2006-05-29,no_exright,34,8.40,8.40,7.98
000022.SZ,2006-05-30,no_exright,26,15.83,15.83,15.20
001872.SZ,2006-05-30,no_exright,26,15.83,15.83,15.20
600071.SH,2006-05-30,no_exright,14,4.30,4.30,3.96
600198.SH,2006-05-30,price_breach,32,8.66,8.66,9.87
600363.SH,2006-05-31,price_breach,17,7.50,7.45,6.37
000811.SZ,2006-06-01,no_exright,14,6.92,6.92,6.39
000813.SZ,2006-06-01,no_exright,34,2.56,2.56,2.81
000868.SZ,2006-06-01,price_breach,8,5.12,3.81,3.42
600607.SH,2006-06-01,no_exright,29,8.33,8.33,9.48
000928.SZ,2006-06-05,price_breach,30,3.89,3.89,6.02
600459.SH,2006-06-05,no_exright,21,13.93,13.93,14.00
600502.SH,2006-06-05,price_breach,16,6.93,6.93,5.74
600655.SH,2006-06-05,no_exright,16,11.41,11.41,11.19
600784.SH,2006-06-05,price_breach,16,2.66,2.66,3.21
000756.SZ,2006-06-06,no_exright,27,3.66,3.66,3.47
000883.SZ,2006-06-06,price_breach,13,3.51,3.51,3.09
600015.SH,2006-06-06,price_breach,30,5.68,5.68,4.49
600228.SH,2006-06-06,price_breach,13,3.79,3.79,3.30
600467.SH,2006-06-06,price_breach,14,9.56,8.69,7.43
600873.SH,2006-06-06,no_exright,16,4.03,4.03,3.76
000525.SZ,2006-06-07,price_breach,13,8.69,8.69,6.79
000720.SZ,2006-06-07,price_breach,12,3.23,3.23,2.50
000758.SZ,2006-06-07,price_breach,12,11.01,11.01,7.38
000848.SZ,2006-06-07,price_breach,42,6.44,6.44,8.12
600606.SH,2006-06-07,price_breach,12,6.58,6.58,4.58
000547.SZ,2006-06-08,price_breach,10,5.55,4.44,3.85
000555.SZ,2006-06-08,price_breach,14,3.52,3.52,2.85
000707.SZ,2006-06-08,price_breach,13,5.35,5.35,3.90
000949.SZ,2006-06-08,price_breach,20,2.76,2.76,2.28
600097.SH,2006-06-08,price_breach,20,6.18,6.18,4.68
600326.SH,2006-06-08,no_exright,19,6.34,6.34,6.49
600828.SH,2006-06-08,price_breach,10,8.38,8.38,6.21
600876.SH,2006-06-08,price_breach,33,3.44,3.44,2.67
000958.SZ,2006-06-09,price_breach,10,3.99,3.99,2.90
600305.SH,2006-06-09,price_breach,15,14.08,14.08,9.71
600360.SH,2006-06-09,price_breach,15,14.40,14.40,10.36
600587.SH,2006-06-09,price_breach,15,7.38,7.38,5.35
600677.SH,2006-06-09,no_exright,15,8.21,8.21,7.40
000726.SZ,2006-06-12,no_exright,25,6.95,6.95,6.71
000791.SZ,2006-06-12,price_breach,11,2.66,2.66,1.99
600060.SH,2006-06-12,price_breach,17,8.87,8.87,6.19
600340.SH,2006-06-12,no_exright,58,3.86,3.86,4.23
600497.SH,2006-06-12,no_exright,24,30.42,30.42,32.79
600814.SH,2006-06-12,price_breach,16,8.60,6.58,4.62
600056.SH,2006-06-13,price_breach,12,9.39,8.19,5.83
600633.SH,2006-06-13,price_breach,16,9.86,9.86,6.19
000058.SZ,2006-06-14,price_breach,12,3.58,3.58,2.41
600080.SH,2006-06-14,price_breach,27,3.20,2.42,2.12
600108.SH,2006-06-14,price_breach,12,3.27,2.13,1.80
600489.SH,2006-06-14,price_breach,17,28.92,28.70,14.62
600490.SH,2006-06-15,price_breach,14,6.76,5.84,4.61
600540.SH,2006-06-15,price_breach,20,8.14,8.14,5.48
600730.SH,2006-06-15,price_breach,19,5.33,5.33,4.10
600843.SH,2006-06-15,price_breach,25,7.18,7.18,4.24
600864.SH,2006-06-15,price_breach,36,7.93,7.93,6.47
000573.SZ,2006-06-16,price_breach,19,3.65,3.65,2.74
000669.SZ,2006-06-16,price_breach,19,7.01,7.01,6.23
000570.SZ,2006-06-19,price_breach,11,5.59,5.59,4.07
000596.SZ,2006-06-19,price_breach,20,8.40,8.40,6.20
600269.SH,2006-06-19,price_breach,21,12.40,12.40,9.87
600293.SH,2006-06-19,price_breach,13,4.51,3.59,2.73
000957.SZ,2006-06-20,price_breach,16,3.45,3.45,2.76
600276.SH,2006-06-20,no_exright,17,26.77,26.77,24.10
600614.SH,2006-06-20,no_exright,25,7.41,7.41,4.71
600765.SH,2006-06-20,price_breach,12,8.19,8.19,6.19
600778.SH,2006-06-20,no_exright,27,3.14,3.14,2.83
000419.SZ,2006-06-21,price_breach,10,9.52,9.52,6.44
000605.SZ,2006-06-21,price_breach,11,6.27,6.27,4.17
000889.SZ,2006-06-21,price_breach,20,3.24,3.24,2.59
600152.SH,2006-06-21,price_breach,27,3.91,3.91,3.26
600255.SH,2006-06-21,price_breach,16,11.84,11.84,8.68
600990.SH,2006-06-21,price_breach,15,17.08,17.08,13.28
600020.SH,2006-06-22,price_breach,14,8.32,8.32,5.99
600719.SH,2006-06-22,price_breach,13,6.73,6.73,5.01
600179.SH,2006-06-23,price_breach,13,5.06,4.28,3.12
000557.SZ,2006-06-26,no_exright,74,1.69,1.69,1.61
000920.SZ,2006-06-26,price_breach,11,4.57,4.57,3.64
600212.SH,2006-06-26,price_breach,14,5.10,3.19,2.57
600289.SH,2006-06-26,price_breach,11,16.30,14.12,11.15
600382.SH,2006-06-26,price_breach,15,7.63,7.63,6.02
600658.SH,2006-06-26,price_breach,16,4.11,4.11,3.03
600156.SH,2006-06-27,price_breach,16,4.24,4.24,3.07
000900.SZ,2006-06-28,price_breach,12,12.48,11.72,8.87
600078.SH,2006-06-28,price_breach,17,6.07,6.07,5.09
600207.SH,2006-06-28,price_breach,12,3.89,3.89,3.15
600262.SH,2006-06-28,price_breach,23,11.25,11.25,9.45
600696.SH,2006-06-28,no_exright,48,2.45,2.45,2.33
600845.SH,2006-06-28,price_breach,24,17.46,17.46,12.68
000786.SZ,2006-06-29,price_breach,15,5.99,5.99,5.02
600448.SH,2006-06-29,price_breach,14,4.64,3.55,3.04
000603.SZ,2006-06-30,price_breach,20,4.46,4.46,3.00
600575.SH,2006-06-30,price_breach,15,8.34,8.34,7.06
600847.SH,2006-06-30,price_breach,31,2.66,2.66,2.92
000408.SZ,2006-07-03,price_breach,19,4.44,4.44,2.93
600148.SH,2006-07-03,no_exright,12,4.83,4.83,4.39
600781.SH,2006-07-03,no_exright,61,3.92,3.92,4.33
600827.SH,2006-07-03,price_breach,30,11.37,11.37,9.09
600897.SH,2006-07-03,price_breach,18,12.09,10.96,8.93
600088.SH,2006-07-04,no_exright,17,14.50,14.50,13.06
600199.SH,2006-07-04,price_breach,23,3.39,3.39,2.88
600551.SH,2006-07-04,price_breach,15,7.11,7.11,6.09
600178.SH,2006-07-05,price_breach,16,5.53,5.53,4.50
600368.SH,2006-07-05,price_breach,13,4.52,4.46,3.64
600486.SH,2006-07-05,price_breach,13,11.96,11.96,9.92
600236.SH,2006-07-06,price_breach,17,6.04,6.04,5.40
600321.SH,2006-07-06,no_exright,14,5.47,5.47,4.74
600970.SH,2006-07-06,price_breach,14,26.84,26.84,24.04
600992.SH,2006-07-06,price_breach,13,6.12,6.12,5.19
600573.SH,2006-07-07,price_breach,14,7.92,7.92,6.86
600969.SH,2006-07-07,price_breach,14,5.96,5.96,5.14
000705.SZ,2006-07-10,no_exright,15,4.73,4.73,4.58
600543.SH,2006-07-10,price_breach,16,6.22,6.22,6.99
000407.SZ,2006-07-11,no_exright,14,3.36,3.36,3.10
000510.SZ,2006-07-11,no_exright,17,2.70,2.70,2.53
000882.SZ,2006-07-11,no_exright,12,7.15,7.15,6.63
600346.SH,2006-07-11,price_breach,16,5.49,5.49,4.59
600965.SH,2006-07-11,price_breach,24,4.22,4.22,3.44
000628.SZ,2006-07-12,price_breach,28,6.61,6.61,5.15
600403.SH,2006-07-12,price_breach,14,6.96,6.96,6.18
600833.SH,2006-07-12,no_exright,22,5.09,5.09,4.69
600217.SH,2006-07-13,price_breach,12,2.60,2.60,1.99
000157.SZ,2006-07-14,price_breach,34,13.86,13.86,11.92
000520.SZ,2006-07-14,price_breach,23,5.40,5.40,3.36
000753.SZ,2006-07-14,price_breach,11,4.23,4.23,2.90
600033.SH,2006-07-14,price_breach,11,8.12,8.12,6.16
600520.SH,2006-07-14,price_breach,15,5.04,5.04,4.20
600674.SH,2006-07-14,price_breach,15,5.50,5.50,4.07
000733.SZ,2006-07-17,price_breach,10,7.59,7.59,5.91
600713.SH,2006-07-17,price_breach,15,6.68,5.17,4.12
600753.SH,2006-07-17,price_breach,43,4.03,4.03,3.23
600792.SH,2006-07-17,price_breach,18,5.99,5.99,4.77
600854.SH,2006-07-17,price_breach,26,5.12,5.12,3.90
000679.SZ,2006-07-18,price_breach,26,4.99,4.87,4.02
000862.SZ,2006-07-18,price_breach,47,3.75,3.75,3.36
600358.SH,2006-07-18,price_breach,26,4.16,4.16,3.73
600506.SH,2006-07-18,price_breach,27,4.20,4.20,3.41
600552.SH,2006-07-18,price_breach,14,3.93,3.93,3.21
600744.SH,2006-07-18,price_breach,21,3.55,3.55,2.93
000886.SZ,2006-07-19,price_breach,43,3.49,3.49,2.57
000995.SZ,2006-07-19,price_breach,18,5.79,5.79,4.14
600329.SH,2006-07-19,price_breach,13,8.28,8.28,6.37
600611.SH,2006-07-19,no_exright,28,8.38,8.38,8.77
600993.SH,2006-07-19,price_breach,18,34.24,33.59,27.82
000159.SZ,2006-07-20,price_breach,19,5.56,5.56,3.95
000915.SZ,2006-07-20,price_breach,23,4.16,4.16,3.09
600229.SH,2006-07-20,price_breach,16,4.59,4.59,3.49
600250.SH,2006-07-20,price_breach,10,4.77,4.77,3.56
600720.SH,2006-07-20,price_breach,24,3.30,3.30,2.65
600794.SH,2006-07-20,price_breach,18,6.16,6.16,4.62
000809.SZ,2006-07-21,price_breach,24,5.22,5.22,4.34
600369.SH,2006-07-21,price_breach,15,3.58,2.52,1.77
600716.SH,2006-07-21,price_breach,15,3.61,3.61,2.49
600727.SH,2006-07-21,price_breach,19,5.73,5.73,3.87
000952.SZ,2006-07-24,price_breach,15,7.26,7.26,3.61
600061.SH,2006-07-24,price_breach,21,4.15,3.61,2.78
000563.SZ,2006-07-25,price_breach,12,7.07,7.07,5.20
600455.SH,2006-07-25,price_breach,17,9.75,9.75,8.52
600746.SH,2006-07-25,price_breach,20,3.71,3.71,2.94
000875.SZ,2006-07-26,price_breach,12,4.02,4.02,3.05
000927.SZ,2006-07-26,price_breach,12,6.52,6.52,4.78
001896.SZ,2006-07-26,price_breach,13,4.30,4.30,3.60
600641.SH,2006-07-26,no_exright,75,5.85,5.85,5.90
600776.SH,2006-07-26,price_breach,11,7.98,7.98,5.91
000019.SZ,2006-07-27,price_breach,14,8.20,8.20,5.60
600110.SH,2006-07-27,price_breach,34,8.10,8.10,6.87
600546.SH,2006-07-27,price_breach,14,10.81,10.81,7.52
600680.SH,2006-07-27,no_exright,39,10.20,10.20,7.07
600991.SH,2006-07-27,no_exright,52,5.92,5.92,4.31
000545.SZ,2006-07-28,price_breach,14,3.47,3.47,2.46
000701.SZ,2006-07-28,price_breach,15,7.83,7.83,4.94
600209.SH,2006-07-28,no_exright,13,2.69,2.69,2.03
600395.SH,2006-07-28,price_breach,15,6.70,6.60,4.60
600613.SH,2006-07-28,price_breach,34,13.16,13.16,9.52
000676.SZ,2006-07-31,price_breach,10,5.94,5.94,4.01
000812.SZ,2006-07-31,price_breach,36,5.01,3.85,2.67
000966.SZ,2006-07-31,price_breach,16,5.17,5.17,3.29
600707.SH,2006-07-31,price_breach,16,3.84,3.84,2.51
600027.SH,2006-08-01,price_breach,22,3.54,3.54,2.34
600197.SH,2006-08-01,price_breach,16,6.59,6.59,4.19
600984.SH,2006-08-01,price_breach,13,5.08,5.08,3.12
000801.SZ,2006-08-02,price_breach,21,7.33,7.33,4.70
000993.SZ,2006-08-02,price_breach,12,6.33,6.33,3.07
600723.SH,2006-08-02,no_exright,28,4.81,4.81,3.60
000553.SZ,2006-08-03,price_breach,17,4.57,4.57,3.13
600299.SH,2006-08-03,no_exright,90,17.28,17.28,17.84
600310.SH,2006-08-03,price_breach,13,10.80,10.80,7.06
600605.SH,2006-08-03,price_breach,14,13.65,13.65,7.95
600885.SH,2006-08-03,price_breach,13,7.07,5.97,4.13
000697.SZ,2006-08-04,price_breach,14,4.38,4.38,3.20
600657.SH,2006-08-04,price_breach,15,4.32,2.65,1.97
000948.SZ,2006-08-07,price_breach,15,8.03,7.95,4.28
600370.SH,2006-08-07,price_breach,37,7.45,7.45,6.15
600391.SH,2006-08-07,price_breach,26,12.36,12.36,8.31
600668.SH,2006-08-07,price_breach,15,3.16,3.16,2.13
000803.SZ,2006-08-08,price_breach,16,4.79,4.79,2.80
600076.SH,2006-08-08,price_breach,21,3.53,2.45,1.51
600099.SH,2006-08-08,price_breach,12,4.68,4.68,3.04
600699.SH,2006-08-08,price_breach,20,3.14,3.14,2.09
000789.SZ,2006-08-09,price_breach,12,3.50,3.50,2.53
600192.SH,2006-08-09,price_breach,13,6.99,6.99,4.62
600372.SH,2006-08-09,price_breach,41,4.19,4.19,2.80
600345.SH,2006-08-10,price_breach,14,9.55,9.55,5.82
600568.SH,2006-08-10,price_breach,13,5.32,4.63,3.68
600609.SH,2006-08-10,price_breach,23,2.45,2.45,1.62
600881.SH,2006-08-10,price_breach,17,5.02,3.62,2.47
000534.SZ,2006-08-11,price_breach,13,6.07,6.07,3.90
600593.SH,2006-08-11,price_breach,28,6.86,6.86,4.82
600857.SH,2006-08-11,price_breach,15,4.06,3.48,2.91
600877.SH,2006-08-11,price_breach,14,4.05,2.79,2.10
000007.SZ,2006-08-14,price_breach,17,3.78,3.78,2.41
600415.SH,2006-08-14,price_breach,19,64.19,64.19,52.98
600449.SH,2006-08-15,price_breach,17,6.04,5.15,3.84
600558.SH,2006-08-16,price_breach,22,8.79,8.79,6.22
600812.SH,2006-08-16,price_breach,13,3.18,2.36,1.99
000505.SZ,2006-08-17,price_breach,18,2.71,2.40,2.06
600176.SH,2006-08-17,price_breach,14,7.26,7.26,5.24
600678.SH,2006-08-17,price_breach,17,3.63,3.63,2.75
600835.SH,2006-08-17,price_breach,25,8.39,8.39,6.03
000004.SZ,2006-08-18,no_exright,19,5.20,5.20,3.73
000548.SZ,2006-08-18,price_breach,20,5.54,5.54,2.77
000715.SZ,2006-08-18,price_breach,52,13.79,13.79,8.60
600280.SH,2006-08-21,price_breach,23,11.21,11.21,9.11
600689.SH,2006-08-22,price_breach,37,3.90,3.90,3.01
600203.SH,2006-08-23,price_breach,21,5.11,4.34,2.80
600511.SH,2006-08-23,price_breach,17,17.48,17.48,13.65
600802.SH,2006-08-23,price_breach,18,3.51,2.77,2.23
000656.SZ,2006-08-24,price_breach,24,4.87,4.87,3.30
600038.SH,2006-08-24,price_breach,24,13.82,13.48,10.88
600383.SH,2006-08-24,price_breach,24,10.03,10.03,8.60
600821.SH,2006-08-25,price_breach,19,6.41,4.50,3.49
000681.SZ,2006-08-28,price_breach,47,3.46,3.46,2.81
000820.SZ,2006-08-28,price_breach,20,3.87,3.87,2.66
600222.SH,2006-08-28,price_breach,10,11.78,10.53,8.66
600397.SH,2006-08-30,price_breach,30,6.03,4.93,3.44
600559.SH,2006-08-30,price_breach,28,6.08,6.08,4.85
600693.SH,2006-08-30,no_exright,18,7.85,7.85,8.36
000590.SZ,2006-08-31,price_breach,29,4.07,4.07,3.09
000632.SZ,2006-08-31,price_breach,14,3.30,3.30,2.76
600795.SH,2006-08-31,price_breach,19,6.90,6.90,5.09
000042.SZ,2006-09-01,no_exright,35,10.82,10.82,9.95
000663.SZ,2006-09-01,price_breach,19,5.60,5.60,4.05
000710.SZ,2006-09-01,price_breach,20,4.20,4.20,3.49
000752.SZ,2006-09-04,no_exright,16,6.71,6.71,6.45
000829.SZ,2006-09-05,no_exright,21,10.60,10.60,10.45
600202.SH,2006-09-05,price_breach,31,11.30,11.30,8.51
600662.SH,2006-09-05,price_breach,57,5.22,5.07,4.13
600975.SH,2006-09-06,price_breach,33,9.00,9.00,6.92
600246.SH,2006-09-08,no_exright,40,20.39,20.39,20.85
600870.SH,2006-09-08,no_exright,50,5.32,5.32,4.94
000045.SZ,2006-09-11,price_breach,10,7.30,7.30,5.17
600775.SH,2006-09-11,price_breach,39,7.68,7.68,5.50
000411.SZ,2006-09-12,price_breach,23,5.25,5.25,4.19
000593.SZ,2006-09-12,price_breach,42,5.36,5.36,3.49
000796.SZ,2006-09-12,price_breach,23,3.64,3.64,2.90
600523.SH,2006-09-14,no_exright,19,6.19,6.19,5.83
600316.SH,2006-09-19,price_breach,42,26.79,26.79,30.27
000655.SZ,2006-09-20,price_breach,66,5.57,5.57,6.39
600371.SH,2006-09-20,no_exright,70,8.05,8.05,7.44
600634.SH,2006-09-20,no_exright,59,6.16,6.16,5.80
600695.SH,2006-09-20,no_exright,183,3.02,3.02,4.74
600793.SH,2006-09-20,price_breach,23,7.30,7.30,6.37
000967.SZ,2006-09-21,price_breach,53,5.50,5.50,4.62
600265.SH,2006-09-21,price_breach,24,6.42,5.19,4.40
600766.SH,2006-09-21,no_exright,27,3.52,3.52,3.82
000612.SZ,2006-09-22,price_breach,18,8.04,8.04,6.08
600995.SH,2006-09-22,price_breach,12,9.62,7.61,6.02
000560.SZ,2006-09-25,price_breach,30,4.14,4.14,4.40
000893.SZ,2006-09-25,price_breach,40,5.43,5.41,3.98
000639.SZ,2006-09-26,price_breach,23,8.27,8.27,6.52
600327.SH,2006-09-26,price_breach,11,7.68,7.68,5.72
600769.SH,2006-09-26,price_breach,51,5.28,4.91,3.19
600132.SH,2006-09-27,price_breach,52,26.70,23.90,19.28
600354.SH,2006-09-27,price_breach,42,5.90,5.90,4.49
600714.SH,2006-09-27,price_breach,17,6.78,6.78,5.60
600726.SH,2006-09-27,price_breach,33,3.44,3.44,2.64
000532.SZ,2006-09-28,price_breach,70,4.41,4.41,3.11
600979.SH,2006-09-28,price_breach,19,6.21,6.21,4.95
600221.SH,2006-09-29,price_breach,55,3.79,3.79,3.21
000691.SZ,2006-10-09,price_breach,51,3.36,3.36,2.39
600281.SH,2006-10-09,price_breach,76,4.66,4.65,3.76
600028.SH,2006-10-10,price_breach,12,6.79,6.79,5.36
600597.SH,2006-10-10,price_breach,50,7.87,7.87,6.64
000797.SZ,2006-10-13,price_breach,30,4.62,4.62,3.83
600853.SH,2006-10-13,price_breach,15,3.57,3.01,2.49
000682.SZ,2006-10-16,price_breach,55,3.23,3.23,2.70
000985.SZ,2006-10-16,price_breach,15,9.78,8.68,6.78
600136.SH,2006-10-16,price_breach,16,4.18,4.18,3.75
000905.SZ,2006-10-17,price_breach,13,11.84,6.58,5.54
600338.SH,2006-10-23,price_breach,22,5.93,5.93,4.78
600805.SH,2006-10-23,price_breach,47,3.47,3.47,2.94
600782.SH,2006-10-24,price_breach,31,5.02,5.02,4.05
600830.SH,2006-10-24,price_breach,18,5.29,3.81,3.26
600282.SH,2006-10-25,price_breach,13,3.94,3.94,3.45
000657.SZ,2006-10-26,price_breach,50,15.38,15.38,8.68
600848.SH,2006-10-26,price_breach,89,4.57,4.57,3.12
600162.SH,2006-10-27,price_breach,22,5.91,5.38,4.70
600353.SH,2006-10-27,price_breach,15,5.98,5.03,4.45
600697.SH,2006-10-27,price_breach,23,9.34,8.35,7.51
600789.SH,2006-10-31,price_breach,17,4.46,3.16,2.60
600889.SH,2006-11-01,price_breach,33,4.48,4.48,3.77
600270.SH,2006-11-02,no_exright,14,9.38,9.38,7.70
600579.SH,2006-11-02,price_breach,14,4.57,3.87,2.86
600627.SH,2006-11-07,no_exright,12,19.47,19.47,15.61
600378.SH,2006-11-09,price_breach,14,6.17,4.91,3.54
600763.SH,2006-11-09,price_breach,22,5.22,5.22,4.91
600829.SH,2006-11-09,price_breach,12,11.84,11.84,10.26
000571.SZ,2006-11-13,price_breach,50,3.35,3.35,2.44
000953.SZ,2006-11-13,price_breach,15,3.66,3.66,2.55
600006.SH,2006-11-13,price_breach,15,3.64,3.64,2.65
600715.SH,2006-11-14,price_breach,17,2.76,2.76,2.35
600694.SH,2006-11-17,price_breach,21,37.06,37.06,30.39
600722.SH,2006-11-17,price_breach,138,2.80,2.80,1.95
600184.SH,2006-11-23,no_exright,73,11.88,11.88,11.35
000703.SZ,2006-11-24,price_breach,24,4.65,4.65,3.75
600127.SH,2006-11-24,price_breach,20,4.46,2.76,2.26
600380.SH,2006-11-24,price_breach,35,7.08,7.08,4.99
000716.SZ,2006-11-27,price_breach,41,3.79,3.79,3.30
000929.SZ,2006-12-01,price_breach,30,5.53,5.53,3.98
000518.SZ,2006-12-06,no_exright,23,2.12,2.12,2.19
600335.SH,2006-12-08,price_breach,15,6.05,5.11,4.07
000513.SZ,2006-12-11,no_exright,121,6.48,6.48,6.23
000665.SZ,2006-12-12,price_breach,12,5.35,5.35,3.91
600406.SH,2006-12-18,no_exright,26,22.60,22.60,23.27
600671.SH,2006-12-18,no_exright,80,5.73,5.73,5.79
600859.SH,2006-12-18,price_breach,19,18.04,18.04,22.34
000404.SZ,2006-12-20,price_breach,12,3.63,3.63,2.61
600252.SH,2006-12-20,no_exright,43,4.52,4.52,4.36
600600.SH,2006-12-20,price_breach,53,12.39,12.39,15.19
000887.SZ,2006-12-22,price_breach,30,5.05,1.56,2.45
600724.SH,2006-12-22,price_breach,15,5.91,4.84,3.89
600243.SH,2006-12-25,price_breach,14,5.96,4.99,4.24
600790.SH,2006-12-25,price_breach,14,6.44,5.03,5.71
000507.SZ,2006-12-26,no_exright,26,5.22,5.22,5.10
600035.SH,2006-12-26,price_breach,13,5.46,5.30,4.20
600768.SH,2006-12-26,price_breach,17,7.01,7.01,5.60
600116.SH,2006-12-27,price_breach,18,5.77,4.81,3.86
600215.SH,2006-12-27,price_breach,13,6.05,6.05,4.90
600283.SH,2006-12-27,price_breach,17,5.83,5.83,4.89
000425.SZ,2006-12-28,no_exright,13,6.79,6.79,6.89
000626.SZ,2006-12-28,price_breach,14,5.75,5.75,5.04
600053.SH,2006-12-29,price_breach,10,6.16,6.16,6.99
600712.SH,2007-01-05,price_breach,28,5.77,5.77,5.15
000757.SZ,2007-01-08,price_breach,12,2.42,2.42,1.49
600667.SH,2007-01-08,no_exright,23,3.90,3.90,3.55
000421.SZ,2007-01-09,no_exright,35,4.46,4.46,4.36
000931.SZ,2007-01-09,price_breach,29,4.81,4.81,5.63
600081.SH,2007-01-10,no_exright,18,3.76,3.76,3.63
600115.SH,2007-01-12,no_exright,22,3.73,3.73,4.05
000504.SZ,2007-01-15,no_exright,19,5.74,5.74,5.53
000856.SZ,2007-01-15,price_breach,18,4.21,4.21,3.31
600582.SH,2007-01-15,price_breach,19,24.94,24.94,32.27
600599.SH,2007-01-15,no_exright,72,5.90,5.90,6.75
600807.SH,2007-01-15,price_breach,16,4.33,4.33,5.20
000035.SZ,2007-01-16,price_breach,33,2.98,2.98,2.51
000544.SZ,2007-01-16,price_breach,37,3.57,3.57,4.71
600131.SH,2007-01-18,no_exright,16,5.01,5.01,4.85
600258.SH,2007-01-18,no_exright,17,19.34,19.34,19.07
000661.SZ,2007-01-19,price_breach,20,5.80,5.80,7.65
600711.SH,2007-01-22,price_breach,12,6.11,5.43,5.81
600737.SH,2007-01-23,price_breach,19,7.53,7.53,9.34
600516.SH,2007-01-25,price_breach,26,5.44,2.72,3.76
600645.SH,2007-01-25,price_breach,20,4.37,3.36,3.71
000863.SZ,2007-01-31,price_breach,12,3.33,3.33,2.50
000591.SZ,2007-02-01,price_breach,13,9.75,9.75,7.77
600158.SH,2007-02-01,no_exright,31,16.46,16.46,17.90
600290.SH,2007-02-01,no_exright,31,15.47,15.47,23.35
600617.SH,2007-02-05,price_breach,141,6.99,6.99,6.43
600758.SH,2007-02-07,price_breach,39,4.47,4.47,5.33
600234.SH,2007-02-09,price_breach,17,3.29,2.14,3.15
000779.SZ,2007-02-12,price_breach,15,4.15,4.15,3.36
000533.SZ,2007-02-15,price_breach,26,6.49,6.49,7.16
600248.SH,2007-02-15,price_breach,22,3.75,3.25,3.90
600107.SH,2007-02-16,price_breach,24,4.91,4.91,5.54
600186.SH,2007-02-16,price_breach,20,3.33,3.33,3.70
600615.SH,2007-03-01,price_breach,41,7.20,5.76,8.99
000721.SZ,2007-03-05,price_breach,92,6.90,6.90,7.93
000617.SZ,2007-03-06,price_breach,16,21.68,21.68,18.60
600773.SH,2007-03-07,price_breach,25,5.23,4.12,4.54
600505.SH,2007-03-08,price_breach,13,5.64,4.59,5.36
600149.SH,2007-03-15,price_breach,14,6.08,4.89,5.68
000554.SZ,2007-03-19,no_exright,15,7.42,7.42,7.11
000852.SZ,2007-03-19,price_breach,10,14.96,14.56,17.60
600094.SH,2007-03-19,price_breach,41,5.46,4.27,5.59
600786.SH,2007-03-23,no_exright,14,44.84,44.84,40.22
000902.SZ,2007-03-26,price_breach,41,5.05,5.05,7.10
000819.SZ,2007-03-28,price_breach,17,28.98,28.98,25.82
000650.SZ,2007-03-29,price_breach,220,1.38,1.38,14.04
000921.SZ,2007-03-29,price_breach,43,3.60,3.60,6.25
600109.SH,2007-03-29,price_breach,60,17.96,17.96,41.24
600478.SH,2007-03-29,no_exright,34,9.56,9.56,9.03
000922.SZ,2007-04-11,price_breach,24,11.14,11.14,9.60
000833.SZ,2007-04-13,no_exright,14,9.78,9.78,10.40
600052.SH,2007-04-13,price_breach,30,9.04,8.51,10.67
600137.SH,2007-04-13,price_breach,73,7.18,7.18,68.16
600515.SH,2007-04-13,price_breach,56,3.56,2.93,12.49
600272.SH,2007-04-17,price_breach,55,6.00,6.00,20.31
000672.SZ,2007-04-23,price_breach,28,5.78,5.78,5.21
600757.SH,2007-04-25,price_breach,67,3.29,2.81,8.38
600844.SH,2007-04-26,price_breach,43,12.52,12.52,18.91
000880.SZ,2007-04-30,price_breach,243,2.65,2.65,11.10
000020.SZ,2007-05-18,price_breach,125,3.75,3.75,11.75
000582.SZ,2007-05-22,price_breach,41,13.55,13.55,15.35
600539.SH,2007-05-23,no_exright,13,13.25,13.25,12.56
600691.SH,2007-05-25,price_breach,80,4.99,3.37,11.93
000423.SZ,2007-06-01,price_breach,12,17.46,17.26,28.20
000935.SZ,2007-06-06,price_breach,92,9.33,9.33,14.80
600029.SH,2007-06-18,no_exright,28,9.48,9.48,9.48
000895.SZ,2007-06-29,price_breach,263,31.17,25.74,57.90
600213.SH,2007-07-05,no_exright,286,1.93,1.93,7.89
600318.SH,2007-07-18,price_breach,57,17.63,14.57,8.10
000885.SZ,2007-08-07,price_breach,77,9.84,9.84,14.55
600133.SH,2007-08-14,price_breach,14,15.39,15.39,12.76
600735.SH,2007-08-15,price_breach,88,9.29,9.29,10.77
000521.SZ,2007-08-27,price_breach,19,10.56,10.56,9.26
000686.SZ,2007-08-27,price_breach,142,16.34,16.34,51.70
000301.SZ,2007-09-03,price_breach,72,13.04,13.04,17.34
000723.SZ,2007-09-05,price_breach,148,9.77,9.77,28.46
600211.SH,2007-09-11,price_breach,27,26.24,23.19,19.61
000965.SZ,2007-09-27,no_exright,94,19.48,19.48,20.10
600173.SH,2007-10-08,price_breach,60,18.94,18.94,16.99
000838.SZ,2007-10-19,price_breach,59,66.80,66.80,47.00
600629.SH,2007-10-26,price_breach,362,1.21,1.21,14.49
000728.SZ,2007-10-30,price_breach,145,13.36,13.36,47.53
600379.SH,2007-11-05,price_breach,15,19.93,17.62,10.98
000026.SZ,2007-11-09,price_breach,14,21.57,21.57,13.48
600759.SH,2007-11-19,price_breach,122,2.25,2.25,7.27
600239.SH,2007-11-30,price_breach,123,8.28,7.31,12.40
600313.SH,2007-12-24,price_breach,27,11.79,9.77,9.11
600157.SH,2007-12-25,price_breach,65,19.84,19.84,16.12
000783.SZ,2007-12-27,price_breach,214,9.90,9.90,40.60
000799.SZ,2008-01-11,price_breach,36,27.77,27.77,31.95
000068.SZ,2008-01-14,no_exright,50,10.30,10.30,9.38
600862.SH,2008-01-18,price_breach,173,16.17,16.17,18.38
000975.SZ,2008-01-24,price_breach,77,18.30,12.31,10.99
600721.SH,2008-01-24,price_breach,32,13.08,13.08,11.81
600643.SH,2008-01-29,price_breach,26,28.39,20.72,18.35
000637.SZ,2008-02-25,price_breach,16,17.42,17.42,11.67
600135.SH,2008-03-13,price_breach,20,13.52,13.52,10.47
000592.SZ,2008-04-14,price_breach,474,0.68,0.68,8.60
000923.SZ,2008-05-05,price_breach,14,13.95,13.95,12.47
600682.SH,2008-05-06,price_breach,34,23.97,15.40,12.63
600865.SH,2008-05-14,price_breach,54,18.63,13.35,10.45
000009.SZ,2008-05-16,price_breach,45,14.33,14.33,9.52
000908.SZ,2008-06-10,price_breach,191,31.47,31.47,11.40
000906.SZ,2008-06-13,price_breach,17,12.50,12.50,6.26
600703.SH,2008-07-08,price_breach,290,5.42,5.16,13.89
600745.SH,2008-07-08,price_breach,290,4.35,4.35,5.64
000034.SZ,2008-07-14,price_breach,75,11.15,11.15,5.07
600503.SH,2008-07-16,price_breach,102,20.74,20.19,10.28
600743.SH,2008-08-28,price_breach,136,22.42,22.42,7.01
600664.SH,2008-09-04,price_breach,14,10.74,10.74,9.29
600698.SH,2008-11-07,price_breach,34,4.76,4.76,2.72
600893.SH,2008-11-20,price_breach,365,15.30,15.30,9.72
000736.SZ,2008-12-05,price_breach,277,7.94,7.94,7.46
000999.SZ,2008-12-05,no_exright,50,14.01,14.01,13.19
600248.SH,2008-12-26,price_breach,407,4.84,4.84,6.97
600734.SH,2008-12-26,price_breach,416,4.00,4.00,3.02
000030.SZ,2008-12-29,price_breach,483,2.92,2.92,2.29
