code,date,event,note,source
600753.SH,2007-05-22,extra_consideration,ST冰熊(现简称 ST海钦): 股改追送对价股份上市首日,
600755.SH,2007-08-15,public_offering,"厦门国贸: 增发股份上市首日, 公告明确上市首日不设涨跌幅",上市公告书
600030.SH,2007-09-04,public_offering,"中信证券: 增发股份上市首日, 公告明确上市首日不设涨跌幅",上市公告书
600517.SH,2007-09-06,public_offering,"置信电气(现简称 国网英大): 增发股份上市首日, 公告明确上市首日不设涨跌幅",上市公告书
002029.SZ,2007-10-23,public_offering,"七匹狼: 增发股份上市首日, 公告明确上市首日不设涨跌幅",上市公告书
600320.SH,2007-10-23,public_offering,"振华港机(现简称 振华重工): 增发股份上市首日, 公告明确上市首日不设涨跌幅",上市公告书
600481.SH,2008-01-21,public_offering,公开增发新股上市首日,
000159.SZ,2008-03-11,private_placement,"国际实业: 非公开发行股票上市首日, 公告明确上市首日不设涨跌幅; 当日龙虎榜上榜原因为「无价格涨跌幅限制的证券」",非公开发行股票发行情况报告暨上市公告书
002082.SZ,2008-03-21,public_offering,栋梁新材(现简称 ST万邦): 公开增发股份上市首日,
000921.SZ,2008-04-11,extra_consideration,"ST科龙: 海信空调未按股改承诺注入资产, 向流通股东追加对价约 972.5 万股上市",
000722.SZ,2008-04-17,extra_consideration,金果实业(后更名湖南发展): 股改追送对价股份上市; 前一日刚被实行退市风险警示(*ST金果),
000868.SZ,2008-05-09,private_placement,安凯客车: 定向增发新增股份上市,
002024.SZ,2008-05-23,private_placement,苏宁电器(现简称 ST易购): 定向增发股份上市首日,
600449.SH,2008-05-23,public_offering,赛马实业(现简称 宁夏建材): 公开增发股份上市首日,
600585.SH,2008-05-28,public_offering,"海螺水泥: 增发股份上市首日, 公告明确上市首日不设涨跌幅",上市公告书
600594.SH,2008-06-17,extra_consideration,益佰制药: 股改追送对价股份上市,
002008.SZ,2008-07-24,public_offering,大族激光: 公开增发股份上市首日,
600089.SH,2008-08-14,public_offering,"特变电工: 增发股份上市首日, 公告明确上市首日不设涨跌幅",上市公告书
000718.SZ,2008-11-27,private_placement,"苏宁环球: 定向增发股份上市首日; 当日最高 +23.6%, 行情亦证实不设限",
600642.SH,2010-10-29,public_offering,"申能股份: 增发股份上市首日, 公告明确上市首日不设涨跌幅",上市公告书
